<?xml version="1.0" encoding="UTF-8" ?>
<!DOCTYPE mapper
        PUBLIC "-//mybatis.org//DTD Mapper 3.0//EN"
        "http://mybatis.org/dtd/mybatis-3-mapper.dtd">

<mapper namespace="com.baseball.game.mapper.MemberMapper">

    <!-- 회원가입 -->
    <insert id="register" parameterType="com.baseball.game.dto.MemberDto">
        INSERT INTO member (id, pw, team)
        VALUES (#{id}, #{pw}, #{team})
    </insert>

    <!-- 로그인 -->
    <select id="login" parameterType="com.baseball.game.dto.MemberDto" resultType="int">
        SELECT COUNT(*) FROM member
        WHERE id = #{id} AND pw = #{pw}
    </select>

    <!-- 아이디 중복 확인 -->
    <select id="checkId" parameterType="String" resultType="int">
        SELECT COUNT(*) FROM member
        WHERE id = #{id}
    </select>

    <!-- 회원 정보 조회 -->
    <select id="getMemberById" parameterType="String" resultType="com.baseball.game.dto.MemberDto">
        SELECT id, pw, team, game, win, lose
        FROM member
        WHERE id = #{id}
    </select>

</mapper>
