<?xml version="1.0" encoding="UTF-8" ?>
<!DOCTYPE mapper
  PUBLIC "-//mybatis.org//DTD Mapper 3.0//EN"
  "http://mybatis.org/dtd/mybatis-3-mapper.dtd">

<mapper namespace="com.baseball.game.mapper.PostMapper">

    <insert id="insertPost" parameterType="com.baseball.game.dto.PostDto" useGeneratedKeys="true" keyProperty="postId">
        INSERT INTO board (title, writer, text, category)
        VALUES (#{title}, #{writer}, #{content}, #{category})
    </insert>

    <select id="getPostById" resultType="com.baseball.game.dto.PostDto" parameterType="int">
        SELECT no AS postId, title, writer, text AS content, category, created_at AS createdAt, updated_at AS updatedAt
        FROM board
        WHERE no = #{postId}
    </select>

    <select id="getPosts" resultType="com.baseball.game.dto.PostDto">
        SELECT no AS postId, title, writer, text AS content, category, created_at AS createdAt, updated_at AS updatedAt
        FROM board
        <where>
            <if test="category != null and category != 'all'">
                category = #{category}
            </if>
            <if test="keyword != null and keyword != ''">
                AND title LIKE CONCAT('%', #{keyword}, '%')
            </if>
        </where>
        ORDER BY created_at DESC
        LIMIT #{offset}, #{size}
    </select>

    <select id="countPosts" resultType="int">
        SELECT COUNT(*) FROM board
        <where>
            <if test="category != null and category != 'all'">
                category = #{category}
            </if>
            <if test="keyword != null and keyword != ''">
                AND title LIKE CONCAT('%', #{keyword}, '%')
            </if>
        </where>
    </select>

    <update id="updatePost" parameterType="com.baseball.game.dto.PostDto">
        UPDATE board
        SET title = #{title}, text = #{content}, category = #{category}, updated_at = CURRENT_TIMESTAMP
        WHERE no = #{postId}
    </update>

    <delete id="deletePost" parameterType="int">
        DELETE FROM board WHERE no = #{postId}
    </delete>
</mapper>
