Player_Name,Player_Team,Batting_average,Game_Num,Plate_Appearance,At_Bat,Run,Hit,two_Base,three_Base,Home_Run,Total_Base,Runs_Batted_In,Sacrifice_Bunts,Sacrifice_Fly,Four_Ball,IBB,Hit_by_Pitch,Strike_Out,Double_out,Slugging,On_Base_Percentage,Onbase_Plus_Slug,Multi_Hit,Scoring_Position_AVG,Pinch_Hit_AVG
강민호,삼성,0.303,136,452,403,48,122,19,1,19,200,77,0,6,35,2,8,52,17,0.496,0.365,0.861,31,0.274,0.182
강백호,KT,0.289,144,614,550,92,159,27,0,26,264,96,0,2,59,4,3,127,6,0.48,0.36,0.84,43,0.28,0.25
강성우,롯데,0.5,2,3,2,0,1,0,0,0,1,0,1,0,0,0,0,0,0,0.5,0.5,1.0,0,0.0,0.0
강승호,두산,0.28,140,566,521,81,146,34,7,18,248,81,2,4,32,4,7,158,8,0.476,0.328,0.804,39,0.29,0.2
강진성,SSG,0.185,16,31,27,4,5,0,0,0,5,2,1,0,3,0,0,5,0,0.185,0.267,0.452,0,0.5,0.286
강한울,삼성,0.095,18,25,21,1,2,0,0,0,2,1,3,1,0,0,0,6,1,0.095,0.091,0.186,0,0.167,0.0
강현우,KT,0.308,18,36,26,4,8,1,0,1,12,8,2,0,8,0,0,10,0,0.462,0.471,0.933,2,0.286,0.0
고명준,SSG,0.25,106,366,340,33,85,13,0,11,131,45,0,0,25,0,1,90,4,0.385,0.303,0.688,14,0.313,0.0
고승민,롯데,0.308,120,532,481,79,148,27,6,14,229,87,1,8,41,0,1,78,10,0.476,0.358,0.834,42,0.307,0.667
고영우,키움,0.256,94,290,254,21,65,12,2,0,81,35,4,3,28,0,1,71,5,0.319,0.329,0.648,15,0.324,0.5
고종욱,KIA,0.25,28,36,32,3,8,2,0,1,13,4,0,0,4,0,0,6,2,0.406,0.333,0.739,0,0.167,0.333
공민규,삼성,0.071,12,17,14,1,1,0,0,1,4,2,0,0,1,0,2,9,1,0.286,0.235,0.521,0,0.0,0.0
구본혁,LG,0.257,133,389,339,48,87,14,2,2,111,43,4,4,38,0,4,51,7,0.327,0.335,0.662,15,0.272,0.5
구자욱,삼성,0.343,129,568,493,92,169,39,1,33,309,115,2,6,55,4,12,73,6,0.627,0.417,1.044,52,0.341,0.0
권광민,한화,0.271,19,51,48,10,13,3,0,4,28,9,0,0,3,0,0,17,0,0.583,0.314,0.897,3,0.222,0.286
권동진,KT,0.222,9,10,9,3,2,0,0,0,2,0,0,0,1,0,0,2,0,0.222,0.3,0.522,1,0.333,0.0
권희동,NC,0.3,123,511,416,66,125,22,1,13,188,77,2,6,77,1,10,63,10,0.452,0.417,0.869,31,0.391,1.0
김강민,한화,0.224,41,87,76,5,17,0,0,1,20,7,0,0,8,0,3,21,1,0.263,0.322,0.585,4,0.2,0.182
김건형,KT,0.125,13,25,24,2,3,1,0,0,4,1,0,0,1,0,0,8,0,0.167,0.16,0.327,1,0.0,0.0
김건희,키움,0.257,83,283,261,27,67,15,0,9,109,38,0,4,18,0,0,82,7,0.418,0.3,0.718,15,0.257,0.308
김규성,KIA,0.25,27,15,12,5,3,1,0,0,4,2,1,0,2,0,0,4,0,0.333,0.357,0.69,0,0.5,1.0
김기연,두산,0.278,95,283,252,31,70,10,0,5,95,31,4,3,22,0,2,47,5,0.377,0.337,0.714,20,0.254,0.125
김대원,LG,0.5,19,4,4,5,2,0,0,0,2,0,0,0,0,0,0,1,0,0.5,0.5,1.0,0,0.0,0.667
김대한,두산,0.133,61,89,75,10,10,1,0,1,14,7,2,2,8,0,2,26,1,0.187,0.23,0.417,1,0.15,0.0
김도영,KIA,0.347,141,625,544,143,189,29,10,38,352,109,1,7,66,7,7,110,10,0.647,0.42,1.067,58,0.317,0.5
김동엽,삼성,0.111,8,21,18,1,2,1,0,0,3,2,0,1,1,1,1,5,0,0.167,0.19,0.357,1,0.0,0.0
김동진,삼성,0.108,30,42,37,5,4,0,0,1,7,2,2,0,3,0,0,10,1,0.189,0.175,0.364,0,0.333,0.25
김동헌,키움,0.2,2,7,5,0,1,0,0,0,1,1,0,0,1,0,1,0,0,0.2,0.429,0.629,0,1.0,0.0
김동혁,롯데,0.2,39,17,15,8,3,0,1,0,5,1,0,0,2,0,0,5,0,0.333,0.294,0.627,0,0.333,0.0
김두현,KIA,0.4,3,6,5,2,2,0,0,0,2,0,0,0,0,0,1,0,0,0.4,0.5,0.9,0,0.0,0.0
김민석,롯데,0.211,41,83,76,14,16,3,1,0,21,6,1,0,2,0,4,20,4,0.276,0.268,0.544,2,0.286,0.125
김민성,롯데,0.2,35,84,70,6,14,5,0,2,25,8,0,1,10,0,3,18,1,0.357,0.321,0.678,1,0.2,0.429
김민수,LG,0.15,19,22,20,1,3,0,0,0,3,0,0,0,1,0,1,4,1,0.15,0.227,0.377,0,0.0,0.0
김민수,삼성,0.25,9,8,8,1,2,0,0,1,5,3,0,0,0,0,0,1,0,0.625,0.25,0.875,0,1.0,0.0
김민식,SSG,0.208,45,126,106,10,22,5,0,1,30,10,4,0,16,0,0,33,2,0.283,0.311,0.594,7,0.214,0.0
김민혁,KT,0.353,115,393,351,47,124,14,3,1,147,34,3,3,35,1,1,45,9,0.419,0.41,0.829,36,0.315,0.222
김민혁,두산,0.2,5,8,5,1,1,0,0,1,4,2,0,0,3,0,0,3,0,0.8,0.5,1.3,0,0.0,0.0
김범석,LG,0.241,70,180,162,14,39,4,0,6,61,24,0,2,14,2,2,49,4,0.377,0.306,0.683,7,0.194,0.125
김병준,KT,0.357,35,16,14,9,5,0,0,0,5,1,0,0,2,0,0,2,0,0.357,0.438,0.795,1,0.25,0.0
김병휘,키움,0.169,28,71,59,6,10,3,0,1,16,3,1,0,6,0,5,26,0,0.271,0.3,0.571,2,0.0,0.0
김상수,KT,0.276,113,420,369,60,102,18,4,4,140,45,7,1,37,0,6,59,12,0.379,0.351,0.73,22,0.286,0.25
김선빈,KIA,0.329,116,466,423,48,139,23,0,9,189,57,7,0,30,0,5,39,13,0.447,0.38,0.827,42,0.35,0.5
김성욱,NC,0.204,129,412,358,55,73,8,2,17,136,60,3,5,31,0,15,79,7,0.38,0.291,0.671,14,0.245,0.0
김성윤,삼성,0.243,32,89,74,15,18,4,0,0,22,6,3,2,9,0,1,16,1,0.297,0.326,0.623,4,0.286,0.333
김성진,LG,0.267,14,16,15,1,4,0,0,1,7,2,0,0,1,0,0,4,1,0.467,0.313,0.78,1,0.0,0.333
김성현,SSG,0.227,71,167,141,21,32,3,1,1,40,15,5,1,16,0,4,28,7,0.284,0.321,0.605,9,0.25,0.667
김수윤,NC,0.222,9,10,9,0,2,0,0,0,2,0,0,0,1,0,0,4,0,0.222,0.3,0.522,0,0.0,0.5
김시앙,키움,0.143,6,7,7,1,1,0,0,0,1,0,0,0,0,0,0,1,0,0.143,0.143,0.286,0,0.0,0.0
김영웅,삼성,0.252,126,509,456,65,115,16,3,28,221,79,1,4,45,0,3,155,2,0.485,0.321,0.806,26,0.31,0.167
김웅빈,키움,0.125,12,38,32,2,4,0,0,0,4,2,1,0,4,0,1,15,1,0.125,0.243,0.368,0,0.143,0.0
김인태,두산,0.174,10,26,23,3,4,0,0,1,7,2,0,1,2,0,0,7,1,0.304,0.231,0.535,0,0.167,0.0
김인환,한화,0.237,51,143,131,11,31,2,0,1,36,7,0,0,10,0,2,32,5,0.275,0.301,0.576,7,0.206,0.154
김재상,삼성,0.238,35,91,84,13,20,4,0,2,30,12,1,1,5,0,0,23,0,0.357,0.278,0.635,4,0.222,0.25
김재성,삼성,0.2,10,23,20,3,4,1,0,0,5,1,0,0,3,0,0,5,1,0.25,0.304,0.554,1,0.333,0.0
김재혁,삼성,0.184,35,54,49,6,9,2,1,0,13,6,0,2,3,0,0,19,2,0.265,0.222,0.487,2,0.095,0.167
김재현,키움,0.243,110,326,288,27,70,11,0,0,81,26,10,4,14,0,10,63,8,0.281,0.297,0.578,14,0.237,0.0
김재호,두산,0.302,57,154,126,20,38,5,0,1,46,11,7,1,19,0,1,23,4,0.365,0.395,0.76,11,0.44,0.25
김재환,두산,0.283,136,552,474,78,134,28,0,29,249,92,0,9,63,3,6,168,8,0.525,0.368,0.893,30,0.259,0.667
김주성,LG,0.167,12,9,6,1,1,0,0,0,1,0,0,0,3,0,0,0,0,0.167,0.444,0.611,0,0.0,0.0
김주원,NC,0.252,134,475,385,61,97,18,2,9,146,49,9,5,51,1,25,111,5,0.379,0.371,0.75,26,0.243,0.0
김주형,키움,0.15,22,25,20,0,3,0,0,0,3,2,1,0,1,0,3,9,0,0.15,0.292,0.442,0,0.5,0.0
김준태,KT,0.24,23,30,25,6,6,2,0,0,8,3,0,0,5,0,0,6,0,0.32,0.367,0.687,0,0.333,0.0
김지찬,삼성,0.316,135,535,453,102,143,16,3,3,174,36,12,1,60,2,9,40,5,0.384,0.405,0.789,38,0.24,0.333
김태군,KIA,0.264,105,270,235,24,62,7,0,7,90,34,11,1,12,0,11,24,14,0.383,0.328,0.711,14,0.221,0.25
김태근,두산,0.087,43,27,23,7,2,0,0,0,2,1,1,0,0,0,3,10,0,0.087,0.192,0.279,0,0.25,0.0
김태연,한화,0.291,126,472,413,59,120,24,0,12,180,61,6,4,45,0,4,89,9,0.436,0.363,0.799,33,0.295,0.0
김태진,키움,0.222,81,202,189,26,42,6,3,0,54,10,5,1,7,1,0,27,1,0.286,0.249,0.535,10,0.214,0.304
김태훈,삼성,0.2,12,21,20,2,4,1,0,0,5,1,0,0,0,0,1,3,1,0.25,0.238,0.488,1,0.2,0.286
김한별,NC,0.318,40,50,44,8,14,1,0,0,15,3,0,0,2,0,4,9,2,0.341,0.4,0.741,2,0.357,0.333
김헌곤,삼성,0.302,117,311,281,43,85,8,1,9,122,34,4,1,22,0,3,50,5,0.434,0.358,0.792,19,0.299,0.333
김현수,LG,0.294,137,583,517,61,152,36,2,8,216,69,1,9,47,1,9,76,10,0.418,0.357,0.775,44,0.257,0.25
김현종,LG,0.2,17,16,15,8,3,1,0,0,4,2,0,0,0,0,1,4,0,0.267,0.25,0.517,0,0.4,0.333
김현준,삼성,0.224,79,205,183,23,41,10,1,0,53,11,4,3,11,0,4,49,4,0.29,0.279,0.569,8,0.225,0.3
김형준,NC,0.195,119,414,354,39,69,12,0,17,132,50,7,6,45,0,2,144,6,0.373,0.285,0.658,15,0.19,0.2
김혜성,키움,0.326,127,567,509,90,166,26,4,11,233,75,0,7,47,2,4,62,6,0.458,0.383,0.841,49,0.377,0.0
김호령,KIA,0.136,64,67,59,12,8,2,0,1,13,4,0,0,8,0,0,25,1,0.22,0.239,0.459,0,0.167,0.4
김호진,삼성,0.069,26,32,29,4,2,0,0,0,2,3,0,1,1,0,1,11,1,0.069,0.125,0.194,0,0.125,0.0
김휘집,NC,0.258,140,562,488,78,126,24,1,16,200,73,4,8,52,1,10,119,16,0.41,0.337,0.747,33,0.282,0.0
나성범,KIA,0.291,102,424,374,51,109,17,1,21,191,80,0,7,38,1,4,98,8,0.511,0.357,0.868,33,0.299,0.333
나승엽,롯데,0.312,121,489,407,59,127,35,4,7,191,66,2,7,69,1,4,83,4,0.469,0.411,0.88,33,0.354,0.4
노시환,한화,0.272,136,601,526,88,143,20,2,24,239,89,0,4,60,9,11,129,10,0.454,0.356,0.81,35,0.314,0.0
노진혁,롯데,0.219,73,157,137,13,30,6,0,2,42,13,2,2,15,1,1,39,1,0.307,0.297,0.604,7,0.171,0.188
데이비슨,NC,0.306,131,567,504,90,154,25,1,46,319,119,0,7,39,5,17,142,12,0.633,0.37,1.003,45,0.255,0.0
도슨,키움,0.33,95,429,382,69,126,31,2,11,194,57,0,2,39,0,6,54,10,0.508,0.399,0.907,38,0.333,0.5
도태훈,NC,0.214,100,181,145,20,31,4,0,0,35,15,4,2,24,0,6,29,5,0.241,0.345,0.586,8,0.238,0.118
디아즈,삼성,0.282,29,118,110,14,31,5,0,7,57,19,0,0,6,0,2,25,2,0.518,0.331,0.849,8,0.188,0.0
라모스,두산,0.305,80,348,311,43,95,19,3,10,150,48,1,6,27,1,3,60,5,0.482,0.36,0.842,27,0.257,0.0
레이예스,롯데,0.352,144,632,574,88,202,40,3,15,293,111,0,11,46,2,1,82,16,0.51,0.394,0.904,61,0.395,0.0
로하스,KT,0.329,144,670,572,108,188,39,1,32,325,112,0,4,88,9,6,115,10,0.568,0.421,0.989,54,0.313,0.0
류지혁,삼성,0.258,100,348,302,43,78,9,1,3,98,36,5,2,33,0,6,70,7,0.325,0.341,0.666,21,0.279,0.143
류현준,두산,0.667,2,3,3,0,2,1,0,0,3,1,0,0,0,0,0,0,0,1.0,0.667,1.667,1,1.0,0.5
맥키넌,삼성,0.294,72,315,272,28,80,13,0,4,105,36,0,3,39,3,1,33,6,0.386,0.381,0.767,24,0.27,0.0
문보경,LG,0.301,144,602,519,80,156,35,3,22,263,101,3,13,65,3,2,112,14,0.507,0.372,0.879,40,0.292,0.0
문상철,KT,0.256,125,403,347,50,89,11,0,17,151,58,1,3,45,2,7,86,8,0.435,0.351,0.786,23,0.27,0.25
문성주,LG,0.315,96,361,305,47,96,16,2,0,116,48,1,3,49,0,3,38,4,0.38,0.411,0.791,24,0.378,0.4
문현빈,한화,0.277,103,289,260,29,72,16,2,5,107,47,1,2,24,1,2,53,9,0.412,0.34,0.752,16,0.341,0.258
박건우,NC,0.344,89,362,323,58,111,23,1,13,175,53,0,2,33,3,4,54,7,0.542,0.409,0.951,33,0.375,1.0
박경수,KT,0.667,5,3,3,2,2,1,0,0,3,1,0,0,0,0,0,1,0,1.0,0.667,1.667,0,1.0,0.5
박계범,두산,0.2,24,20,15,5,3,1,0,0,4,0,0,0,5,0,0,7,2,0.267,0.4,0.667,0,0.0,0.0
박동원,LG,0.272,130,498,434,58,118,22,0,20,200,80,2,7,55,2,0,112,14,0.461,0.349,0.81,25,0.27,0.5
박민,KIA,0.276,16,30,29,5,8,4,0,0,12,2,0,0,1,0,0,7,0,0.414,0.3,0.714,2,0.3,1.0
박민석,KT,0.214,20,14,14,6,3,0,0,0,3,0,0,0,0,0,0,7,0,0.214,0.214,0.428,0,0.25,0.0
박민우,NC,0.328,121,528,457,75,150,26,2,8,204,50,4,4,54,4,9,79,5,0.446,0.406,0.852,43,0.314,0.0
박병호,삼성,0.231,120,406,350,52,81,7,0,23,157,70,0,2,47,0,7,121,13,0.449,0.333,0.782,16,0.255,0.267
박상언,한화,0.286,27,52,42,4,12,3,0,0,15,4,0,0,9,0,1,12,0,0.357,0.423,0.78,2,0.364,0.25
박성빈,키움,0.222,12,11,9,1,2,1,0,0,3,2,0,0,1,0,1,2,0,0.333,0.364,0.697,0,1.0,0.0
박성한,SSG,0.301,137,564,489,78,147,24,0,10,201,67,3,6,64,3,2,86,11,0.411,0.38,0.791,42,0.302,0.167
박세혁,NC,0.264,82,171,148,21,39,9,0,1,51,10,5,1,14,0,3,43,3,0.345,0.337,0.682,8,0.114,0.313
박수종,키움,0.256,80,148,129,23,33,5,1,0,40,6,4,0,13,0,2,17,4,0.31,0.333,0.643,9,0.171,0.0
박승욱,롯데,0.262,139,468,405,57,106,19,1,7,148,53,3,3,47,3,10,120,7,0.365,0.351,0.716,27,0.246,0.0
박시원,NC,0.234,55,158,141,17,33,5,1,2,46,17,2,1,14,0,0,46,2,0.326,0.301,0.627,6,0.314,0.125
박영빈,NC,0.5,19,7,6,3,3,2,0,0,5,1,0,0,1,0,0,3,0,0.833,0.571,1.404,0,0.0,0.0
박정우,KIA,0.308,66,69,65,17,20,3,1,0,25,11,0,0,4,0,0,14,3,0.385,0.348,0.733,3,0.421,0.5
박주홍,키움,0.102,25,59,49,5,5,2,0,0,7,1,0,0,10,0,0,17,1,0.143,0.254,0.397,0,0.083,0.0
박준영,두산,0.226,65,212,186,25,42,9,2,7,76,28,1,1,21,0,3,58,3,0.409,0.313,0.722,7,0.213,0.6
박지환,SSG,0.276,76,249,228,33,63,9,2,4,88,21,3,3,12,0,3,61,3,0.386,0.317,0.703,17,0.246,0.182
박찬호,KIA,0.307,134,577,515,86,158,24,1,5,199,61,7,6,48,1,1,44,9,0.386,0.363,0.749,49,0.359,0.5
박한결,NC,0.185,28,71,65,8,12,1,0,7,34,14,0,0,6,0,0,29,1,0.523,0.254,0.777,3,0.133,0.2
박해민,LG,0.263,144,553,482,72,127,16,6,6,173,56,5,9,46,0,11,101,3,0.359,0.336,0.695,35,0.233,0.25
배정대,KT,0.275,113,473,404,49,111,25,1,7,159,59,8,7,50,1,4,114,5,0.394,0.355,0.749,30,0.302,1.0
변상권,키움,0.251,77,232,219,16,55,3,1,5,75,21,0,1,11,0,1,51,4,0.342,0.289,0.631,17,0.192,0.25
변우혁,KIA,0.304,69,187,168,22,51,9,2,5,79,21,0,1,16,0,2,48,8,0.47,0.369,0.839,14,0.298,0.25
서건창,KIA,0.31,94,248,203,40,63,14,1,1,82,26,3,3,36,0,3,31,2,0.404,0.416,0.82,11,0.344,0.346
서동욱,롯데,0.115,33,27,26,2,3,1,0,0,4,0,0,0,0,0,1,8,1,0.154,0.148,0.302,0,0.0,1.0
서예일,두산,0.222,24,20,18,2,4,0,0,0,4,1,0,0,2,0,0,5,0,0.222,0.3,0.522,1,0.667,0.0
서호철,NC,0.285,141,567,512,68,146,19,3,10,201,61,6,3,30,0,16,101,15,0.393,0.342,0.735,38,0.243,0.0
소크라테스,KIA,0.31,140,602,552,92,171,30,3,26,285,97,0,5,41,4,4,91,7,0.516,0.359,0.875,49,0.336,0.0
손성빈,롯데,0.197,86,171,152,24,30,6,2,6,58,21,1,2,13,0,3,38,3,0.382,0.271,0.653,5,0.189,0.0
손아섭,NC,0.285,84,355,333,45,95,16,0,7,132,50,2,4,16,0,0,65,1,0.396,0.314,0.71,22,0.272,0.143
손호영,롯데,0.317,102,430,398,70,126,26,4,18,214,78,1,5,17,2,9,65,6,0.538,0.354,0.892,37,0.331,0.0
송민섭,KT,0.214,36,20,14,8,3,0,0,0,3,1,1,0,3,0,2,6,0,0.214,0.421,0.635,1,0.143,0.0
송성문,키움,0.34,142,602,527,88,179,29,4,19,273,104,0,8,64,2,3,82,5,0.518,0.409,0.927,47,0.372,0.333
송승환,NC,0.2,3,5,5,1,1,0,0,0,1,0,0,0,0,0,0,1,0,0.2,0.2,0.4,0,0.0,0.5
송찬의,LG,0.067,10,21,15,2,1,0,0,0,1,1,1,1,3,0,1,6,0,0.067,0.25,0.317,0,0.0,0.0
신민재,LG,0.297,128,474,387,78,115,11,6,0,138,40,15,3,64,1,5,47,7,0.357,0.401,0.758,32,0.306,0.333
신범수,SSG,0.222,11,29,27,4,6,3,0,0,9,2,0,0,1,0,1,5,0,0.333,0.276,0.609,1,0.2,0.5
신본기,KT,0.279,84,152,122,18,34,3,0,3,46,19,9,2,16,0,3,28,3,0.377,0.371,0.748,5,0.233,0.5
신윤후,롯데,0.161,39,35,31,5,5,0,0,0,5,1,1,0,1,0,2,8,1,0.161,0.235,0.396,0,0.125,0.0
심우준,KT,0.266,53,192,169,22,45,4,0,3,58,28,5,0,17,0,1,29,3,0.343,0.337,0.68,12,0.412,1.0
안상현,SSG,0.171,37,75,70,3,12,1,0,0,13,2,1,0,4,0,0,14,0,0.186,0.216,0.402,1,0.2,0.0
안승한,두산,0.2,4,5,5,0,1,0,0,0,1,0,0,0,0,0,0,1,0,0.2,0.2,0.4,0,0.0,0.5
안익훈,LG,0.184,37,56,49,8,9,1,0,0,10,3,2,1,4,0,0,13,2,0.204,0.241,0.445,0,0.071,0.111
안주형,삼성,0.218,82,166,142,24,31,2,0,0,33,8,12,0,11,0,1,39,3,0.232,0.279,0.511,4,0.231,0.0
안중열,NC,0.286,10,25,21,5,6,1,0,2,13,4,0,1,3,0,0,7,0,0.619,0.36,0.979,1,0.143,0.0
안치영,KT,0.25,31,48,44,12,11,0,0,0,11,3,2,0,2,0,0,12,0,0.25,0.283,0.533,2,0.182,0.0
안치홍,한화,0.3,128,533,473,64,142,21,0,13,202,66,1,4,49,1,6,70,10,0.427,0.37,0.797,44,0.317,1.0
안현민,KT,0.2,16,29,25,5,5,0,1,1,10,2,0,1,2,0,1,10,0,0.4,0.276,0.676,1,0.0,0.0
양도근,삼성,0.174,16,29,23,5,4,0,1,0,6,2,1,0,5,0,0,8,0,0.261,0.321,0.582,1,0.0,0.0
양석환,두산,0.246,142,593,533,83,131,25,1,34,260,107,1,3,49,1,7,128,15,0.488,0.316,0.804,34,0.286,0.667
양의지,두산,0.314,119,485,430,57,135,18,1,17,206,94,0,6,40,5,9,56,13,0.479,0.379,0.858,37,0.393,0.5
양찬열,두산,0.125,11,12,8,2,1,0,0,0,1,1,0,0,4,0,0,1,0,0.125,0.417,0.542,0,0.0,0.0
에레디아,SSG,0.36,136,591,541,82,195,31,1,21,291,118,0,9,28,3,13,73,12,0.538,0.399,0.937,59,0.428,0.0
여동건,두산,0.4,9,11,10,2,4,0,0,0,4,0,0,0,1,0,0,2,0,0.4,0.455,0.855,1,0.0,0.0
예진원,KIA,0.211,22,21,19,2,4,1,0,0,5,0,0,0,2,0,0,8,1,0.263,0.286,0.549,0,0.0,0.0
오선우,KIA,0.286,3,7,7,0,2,0,0,0,2,1,0,0,0,0,0,3,0,0.286,0.286,0.572,0,0.5,0.0
오선진,롯데,0.2,26,29,20,0,4,1,0,0,5,0,5,0,2,0,2,8,0,0.25,0.333,0.583,0,0.143,0.5
오스틴,LG,0.319,140,604,527,99,168,32,3,32,302,132,0,13,61,6,3,82,9,0.573,0.384,0.957,49,0.329,0.0
오영수,NC,0.2,20,34,30,4,6,0,0,3,15,5,0,1,2,0,1,6,0,0.5,0.265,0.765,0,0.083,0.286
오윤석,KT,0.293,73,201,174,33,51,12,2,6,85,27,3,2,18,0,4,41,7,0.489,0.369,0.858,14,0.174,0.5
오재일,KT,0.243,105,343,296,33,72,18,1,11,125,45,0,9,36,0,2,88,7,0.422,0.321,0.743,15,0.299,0.296
오지환,LG,0.254,108,428,370,67,94,24,2,10,152,59,2,1,51,0,4,106,8,0.411,0.35,0.761,24,0.243,0.0
오태곤,SSG,0.275,117,288,247,43,68,16,0,9,111,36,6,3,31,2,1,73,4,0.449,0.355,0.804,12,0.291,0.167
원성준,키움,0.25,51,125,112,12,28,5,0,2,39,11,1,2,10,0,0,36,2,0.348,0.306,0.654,6,0.241,0.238
유강남,롯데,0.191,52,155,136,11,26,3,0,5,44,20,2,1,9,0,7,25,4,0.324,0.275,0.599,5,0.234,0.0
유로결,한화,0.222,23,39,36,6,8,1,0,0,9,4,0,0,3,0,0,11,4,0.25,0.282,0.532,0,0.125,0.0
윤도현,KIA,0.407,6,27,27,5,11,2,0,1,16,8,0,0,0,0,0,9,0,0.593,0.407,1.0,5,0.5,0.0
윤동희,롯데,0.293,141,613,532,97,156,35,4,14,241,85,2,5,67,1,7,114,10,0.453,0.376,0.829,43,0.319,0.25
윤정빈,삼성,0.286,69,188,161,26,46,4,1,7,73,20,0,2,22,0,3,47,1,0.453,0.378,0.831,14,0.189,0.25
윤준혁,KT,0.176,13,18,17,3,3,2,0,0,5,0,0,0,1,0,0,6,0,0.294,0.222,0.516,0,0.2,0.0
윤준호,두산,0.25,3,4,4,1,1,0,0,0,1,1,0,0,0,0,0,1,0,0.25,0.25,0.5,0,0.0,0.0
이도윤,한화,0.277,134,374,336,49,93,10,3,1,112,46,6,3,26,0,3,56,5,0.333,0.332,0.665,23,0.33,0.333
이병헌,삼성,0.248,95,166,145,9,36,4,0,1,43,9,2,0,17,0,2,48,0,0.297,0.335,0.632,9,0.176,0.2
이상혁,한화,0.154,43,15,13,13,2,0,0,0,2,0,0,0,2,0,0,5,0,0.154,0.267,0.421,0,0.0,0.333
이성규,삼성,0.242,122,355,302,56,73,10,1,22,151,57,4,3,31,0,15,109,5,0.5,0.339,0.839,15,0.284,0.174
이승원,키움,0.108,20,41,37,3,4,1,0,0,5,1,2,0,2,0,0,13,2,0.135,0.154,0.289,0,0.091,0.0
이영빈,LG,0.222,31,71,63,11,14,2,0,2,22,12,2,2,4,0,0,20,0,0.349,0.261,0.61,3,0.235,0.286
이용규,키움,0.306,60,227,183,27,56,5,2,1,68,12,3,1,31,0,9,33,4,0.372,0.429,0.801,12,0.182,0.5
이우성,KIA,0.288,112,449,399,56,115,16,1,9,160,54,0,3,44,0,3,89,17,0.401,0.361,0.762,27,0.266,1.0
이원석,키움,0.22,39,109,91,5,20,4,0,0,24,8,0,2,14,0,2,18,2,0.264,0.33,0.594,5,0.185,0.25
이원석,한화,0.233,87,154,133,26,31,4,1,0,37,13,2,1,16,0,2,32,3,0.278,0.322,0.6,6,0.265,0.333
이유찬,두산,0.277,103,262,231,39,64,11,0,3,84,23,7,1,22,0,1,51,9,0.364,0.341,0.705,15,0.254,0.333
이인한,롯데,0.5,5,5,4,0,2,0,0,0,2,2,0,0,0,0,1,1,0,0.5,0.6,1.1,0,1.0,0.5
이재상,키움,0.19,36,89,84,7,16,1,0,1,20,5,1,0,2,0,2,33,0,0.238,0.227,0.465,4,0.13,0.0
이재원,한화,0.239,72,152,134,10,32,4,0,1,39,16,2,5,7,1,4,21,4,0.291,0.287,0.578,5,0.306,0.0
이재현,삼성,0.26,109,458,389,71,101,18,1,14,163,66,0,3,58,1,8,83,8,0.419,0.365,0.784,27,0.33,0.25
이정훈,롯데,0.3,65,116,100,10,30,8,0,0,38,18,1,2,13,1,0,21,4,0.38,0.374,0.754,4,0.324,0.263
이주찬,롯데,0.167,17,25,24,7,4,1,0,1,8,2,0,0,1,0,0,9,1,0.333,0.2,0.533,0,0.25,0.5
이주헌,LG,0.667,3,6,6,0,4,2,0,0,6,3,0,0,0,0,0,2,0,1.0,0.667,1.667,1,1.0,0.0
이주형,키움,0.266,115,537,473,82,126,19,3,13,190,60,0,1,49,1,14,119,4,0.402,0.352,0.754,36,0.267,0.0
이지영,SSG,0.279,123,432,398,45,111,11,1,5,139,50,7,2,18,0,7,35,10,0.349,0.32,0.669,30,0.269,0.182
이진영,한화,0.204,42,103,93,20,19,6,0,1,28,13,0,0,8,0,2,27,3,0.301,0.282,0.583,5,0.308,0.333
이창용,삼성,0.19,9,21,21,1,4,1,0,0,5,2,0,0,0,0,0,4,0,0.238,0.19,0.428,0,0.125,0.5
이창진,KIA,0.262,103,247,191,36,50,10,0,1,63,18,5,4,45,0,2,36,6,0.33,0.401,0.731,11,0.204,0.333
이학주,롯데,0.263,43,105,95,13,25,2,2,2,37,4,2,0,6,0,2,44,0,0.389,0.32,0.709,6,0.15,0.0
이형종,키움,0.216,35,126,102,19,22,3,0,4,37,19,1,0,22,1,1,27,1,0.363,0.36,0.723,3,0.385,0.333
이호연,KT,0.146,27,43,41,3,6,1,0,0,7,0,1,0,1,0,0,12,2,0.171,0.167,0.338,1,0.0,0.125
이호준,롯데,0.333,12,7,6,5,2,1,1,0,5,3,0,0,1,0,0,1,0,0.833,0.429,1.262,1,0.5,0.0
임병욱,키움,0.241,42,92,87,14,21,3,0,3,33,10,0,1,4,0,0,32,1,0.379,0.272,0.651,3,0.368,0.182
임종찬,한화,0.158,24,64,57,10,9,3,2,0,16,7,0,0,6,0,1,19,2,0.281,0.25,0.531,2,0.19,0.0
임지열,키움,0.102,22,57,49,4,5,0,0,1,8,5,0,1,7,0,0,16,2,0.163,0.211,0.374,1,0.0,0.0
장규빈,두산,0.25,3,4,4,1,1,0,0,0,1,0,0,0,0,0,0,1,0,0.25,0.25,0.5,0,0.333,1.0
장두성,롯데,0.156,71,37,32,23,5,0,0,0,5,1,0,0,3,0,2,9,2,0.156,0.27,0.426,0,0.143,0.0
장성우,KT,0.268,131,489,418,53,112,19,0,19,188,81,2,8,60,1,1,86,8,0.45,0.355,0.805,30,0.271,0.133
장승현,두산,0.2,9,23,20,1,4,2,0,0,6,0,1,0,2,0,0,5,0,0.3,0.273,0.573,1,0.0,0.0
장재영,키움,0.168,38,139,119,14,20,3,0,4,35,13,0,0,17,0,3,64,2,0.294,0.288,0.582,4,0.212,0.0
장준원,KT,0.071,17,18,14,1,1,0,0,0,1,0,0,0,4,0,0,5,0,0.071,0.278,0.349,0,0.0,0.0
장진혁,한화,0.263,99,327,289,56,76,16,0,9,119,44,5,1,29,0,3,72,6,0.412,0.335,0.747,19,0.333,0.4
전다민,두산,0.333,25,34,27,10,9,2,0,0,11,1,0,0,7,0,0,8,0,0.407,0.471,0.878,0,0.3,0.333
전민재,두산,0.246,100,276,248,34,61,5,1,2,74,32,4,3,17,1,4,53,8,0.298,0.301,0.599,17,0.29,0.0
전병우,삼성,0.225,58,128,111,17,25,5,0,5,45,14,0,2,14,0,1,42,3,0.405,0.313,0.718,3,0.222,0.167
전의산,SSG,0.088,34,63,57,3,5,0,0,1,8,3,0,1,5,0,0,15,3,0.14,0.159,0.299,0,0.0,0.091
전준우,롯데,0.293,109,483,423,57,124,26,2,17,205,82,1,5,49,0,5,84,11,0.485,0.369,0.854,37,0.243,0.0
정보근,롯데,0.226,89,140,133,9,30,0,1,2,38,7,4,0,3,0,0,31,5,0.286,0.243,0.529,4,0.2,0.0
정수빈,두산,0.284,136,608,510,95,145,21,3,4,184,47,10,8,71,1,9,72,8,0.361,0.376,0.737,42,0.248,0.0
정은원,한화,0.172,27,78,64,10,11,3,1,1,19,6,1,0,13,0,0,16,0,0.297,0.312,0.609,2,0.2,0.25
정준영,KT,0.226,43,74,62,9,14,2,0,0,16,3,3,0,8,0,1,16,1,0.258,0.324,0.582,3,0.143,0.0
정준재,SSG,0.307,88,240,215,40,66,8,5,1,87,23,3,0,19,0,3,49,3,0.405,0.371,0.776,16,0.351,0.385
정현승,SSG,0.241,23,31,29,1,7,0,0,1,10,4,0,0,2,0,0,6,0,0.345,0.29,0.635,1,0.333,0.333
정훈,롯데,0.267,109,325,285,31,76,20,0,9,123,47,1,4,35,0,0,63,3,0.432,0.343,0.775,19,0.292,0.207
제러드,두산,0.326,38,169,144,29,47,16,1,10,95,39,0,1,21,0,3,35,0,0.66,0.42,1.08,13,0.306,0.0
조대현,KT,0.306,26,45,36,2,11,2,0,0,13,3,5,1,3,0,0,12,1,0.361,0.35,0.711,2,0.143,0.0
조수행,두산,0.265,130,382,328,60,87,5,2,0,96,30,14,4,33,1,3,53,2,0.293,0.334,0.627,22,0.233,0.25
조용호,KT,0.248,60,165,149,17,37,5,0,0,42,13,3,0,13,0,0,25,5,0.282,0.309,0.591,8,0.286,0.25
조형우,SSG,0.242,19,38,33,4,8,0,0,0,8,4,0,0,1,0,4,6,0,0.242,0.342,0.584,2,0.364,0.0
주성원,키움,0.2,27,62,55,7,11,1,0,1,15,5,1,0,6,0,0,18,2,0.273,0.279,0.552,1,0.2,0.125
채은성,한화,0.271,124,498,436,61,118,24,0,20,202,83,0,5,49,1,8,83,12,0.463,0.351,0.814,29,0.27,0.0
천성호,KT,0.295,75,255,234,41,69,8,3,1,86,17,1,1,18,0,1,43,5,0.368,0.346,0.714,18,0.346,0.2
천재환,NC,0.284,89,236,215,31,61,9,1,5,87,33,3,1,13,0,4,52,7,0.405,0.335,0.74,14,0.327,0.273
최경모,SSG,0.171,50,50,35,12,6,0,0,0,6,0,7,0,8,0,0,7,2,0.171,0.326,0.497,0,0.2,0.0
최명경,LG,0.333,1,3,3,0,1,0,0,0,1,0,0,0,0,0,0,1,0,0.333,0.333,0.666,0,0.0,0.0
최상민,SSG,0.167,43,13,12,9,2,2,0,0,4,1,0,0,0,0,1,5,0,0.333,0.231,0.564,0,0.0,0.0
최승민,LG,0.077,57,16,13,20,1,0,0,0,1,1,1,0,2,0,0,3,0,0.077,0.2,0.277,0,0.0,0.0
최원영,LG,0.27,57,41,37,18,10,2,0,1,15,5,0,0,1,0,3,7,0,0.405,0.341,0.746,0,0.214,0.333
최원준,KIA,0.292,136,508,438,75,128,23,3,9,184,56,7,5,50,0,8,66,6,0.42,0.371,0.791,37,0.301,0.286
최인호,한화,0.286,82,244,210,37,60,13,2,2,83,22,4,2,25,0,3,31,3,0.395,0.367,0.762,11,0.325,0.294
최재훈,한화,0.257,116,348,280,34,72,10,0,4,94,37,8,6,33,0,21,58,10,0.336,0.371,0.707,14,0.25,1.0
최정,SSG,0.291,129,550,468,93,136,27,2,37,278,107,0,7,55,1,20,114,10,0.594,0.384,0.978,39,0.284,0.0
최정용,KIA,0.182,6,12,11,0,2,0,0,0,2,1,0,0,1,0,0,4,1,0.182,0.25,0.432,0,0.0,0.0
최정원,NC,0.282,65,155,131,33,37,5,0,1,45,14,1,2,17,0,4,34,1,0.344,0.377,0.721,9,0.273,0.25
최주환,키움,0.257,130,544,482,49,124,23,1,13,188,84,0,9,47,2,6,92,12,0.39,0.325,0.715,36,0.308,0.0
최준우,SSG,0.24,18,34,25,2,6,2,0,0,8,5,0,0,9,0,0,8,0,0.32,0.441,0.761,1,0.25,0.0
최지훈,SSG,0.275,125,543,483,89,133,22,7,11,202,49,6,2,50,0,2,71,5,0.418,0.345,0.763,39,0.245,0.2
최항,롯데,0.25,72,143,132,17,33,3,1,0,38,12,0,0,10,0,1,32,3,0.288,0.308,0.596,7,0.239,0.286
최형우,KIA,0.28,116,487,425,67,119,23,2,22,212,109,0,5,52,4,5,86,5,0.499,0.361,0.86,34,0.331,0.4
추신수,SSG,0.281,78,302,253,40,71,14,1,5,102,37,2,6,37,0,4,68,2,0.403,0.373,0.776,20,0.286,0.125
카디네스,삼성,0.333,7,25,24,2,8,2,0,2,16,5,0,0,1,0,0,6,1,0.667,0.36,1.027,3,0.429,0.0
페라자,한화,0.275,122,522,455,75,125,24,0,24,221,70,0,2,63,5,2,129,6,0.486,0.364,0.85,34,0.308,0.286
하재훈,SSG,0.248,107,317,290,40,72,19,0,10,121,36,2,5,18,0,2,90,5,0.417,0.292,0.709,18,0.177,0.0
하주석,한화,0.292,64,151,137,16,40,9,1,1,54,11,2,0,10,0,2,33,1,0.394,0.349,0.743,8,0.286,0.385
한동희,롯데,0.257,14,36,35,1,9,2,0,0,11,3,0,0,1,1,0,9,1,0.314,0.278,0.592,1,0.182,0.333
한석현,NC,0.247,40,76,73,10,18,4,1,0,24,3,0,0,2,0,1,22,2,0.329,0.276,0.605,6,0.063,0.333
한승택,KIA,0.273,20,15,11,2,3,0,0,0,3,2,0,0,4,0,0,1,0,0.273,0.467,0.74,0,0.25,0.5
한유섬,SSG,0.235,132,523,464,64,109,29,0,24,210,87,1,3,46,3,9,142,2,0.453,0.314,0.767,28,0.26,0.167
한재환,NC,0.222,7,9,9,1,2,1,0,0,3,1,0,0,0,0,0,3,0,0.333,0.222,0.555,0,0.0,0.0
한준수,KIA,0.307,115,316,287,39,88,22,0,7,131,41,0,6,21,1,2,48,7,0.456,0.351,0.807,16,0.267,0.313
함창건,LG,0.143,15,17,14,3,2,0,0,0,2,0,1,0,2,0,0,3,1,0.143,0.25,0.393,0,0.0,0.333
허경민,두산,0.309,115,477,417,69,129,28,0,7,178,61,0,6,36,0,18,25,8,0.427,0.384,0.811,38,0.296,0.5
허도환,LG,0.138,59,105,80,10,11,2,0,0,13,11,5,1,9,0,10,26,4,0.163,0.3,0.463,2,0.269,0.0
홍성호,두산,0.286,15,15,14,0,4,2,0,0,6,1,0,0,1,0,0,7,0,0.429,0.333,0.762,0,0.167,0.2
홍종표,KIA,0.295,100,115,105,27,31,4,3,0,41,11,3,0,6,0,1,31,0,0.39,0.339,0.729,5,0.303,0.286
홍창기,LG,0.336,139,637,524,96,176,18,3,5,215,73,1,4,96,3,12,93,8,0.41,0.447,0.857,51,0.389,1.0
홍현빈,KT,0.222,28,22,18,5,4,0,1,0,6,2,1,0,3,0,0,7,0,0.333,0.333,0.666,0,1.0,0.0
황대인,KIA,0.286,3,7,7,1,2,1,0,0,3,3,0,0,0,0,0,1,0,0.429,0.286,0.715,1,0.333,0.0
황성빈,롯데,0.32,125,406,366,94,117,15,8,4,160,26,6,1,31,0,2,56,3,0.437,0.375,0.812,32,0.333,0.375
황영묵,한화,0.301,123,389,349,52,105,8,4,3,130,35,3,1,31,0,5,56,6,0.372,0.365,0.737,27,0.326,0.143
황재균,KT,0.26,137,536,493,60,128,22,0,13,189,58,5,2,34,0,2,95,16,0.383,0.309,0.692,34,0.238,0.2
