<?xml version="1.0" encoding="UTF-8"?>
<beans:beans xmlns="http://www.springframework.org/schema/mvc"
             xmlns:xsi="http://www.w3.org/2001/XMLSchema-instance"
             xmlns:beans="http://www.springframework.org/schema/beans"
             xmlns:context="http://www.springframework.org/schema/context"
             xsi:schemaLocation="
                http://www.springframework.org/schema/mvc https://www.springframework.org/schema/mvc/spring-mvc.xsd
                http://www.springframework.org/schema/beans https://www.springframework.org/schema/beans/spring-beans.xsd
                http://www.springframework.org/schema/context https://www.springframework.org/schema/context/spring-context.xsd">

    <!-- Spring MVC 활성화 -->
    <annotation-driven />

    <!-- 정적 리소스 매핑 -->
    <resources mapping="/resources/**" location="/resources/" />

    <!-- JSP 뷰 리졸버 -->
    <beans:bean class="org.springframework.web.servlet.view.InternalResourceViewResolver">
        <beans:property name="prefix" value="/WEB-INF/views/" />
        <beans:property name="suffix" value=".jsp" />
    </beans:bean>

    <!-- 컴포넌트 스캔 -->
    <context:component-scan base-package="com.baseball" />

    <!-- DataSource 설정 -->
    <beans:bean id="dataSource" class="org.apache.commons.dbcp2.BasicDataSource">
        <beans:property name="driverClassName" value="com.mysql.cj.jdbc.Driver" />
        <beans:property name="url" value="jdbc:mysql://localhost:3306/mydb?useSSL=false&amp;serverTimezone=UTC" />
        <beans:property name="username" value="root" />
        <beans:property name="password" value="1234" />
    </beans:bean>

    <!-- JdbcTemplate 설정 -->
    <beans:bean id="jdbcTemplate" class="org.springframework.jdbc.core.JdbcTemplate">
        <beans:property name="dataSource" ref="dataSource" />
    </beans:bean>

</beans:beans>
