<?xml version="1.0" encoding="UTF-8"?>
<beans xmlns="http://www.springframework.org/schema/beans"
       xmlns:context="http://www.springframework.org/schema/context"
       xmlns:xsi="http://www.w3.org/2001/XMLSchema-instance"
       xmlns:mybatis-spring="http://mybatis.org/schema/mybatis-spring"
       xsi:schemaLocation="
           http://www.springframework.org/schema/beans 
           https://www.springframework.org/schema/beans/spring-beans.xsd
           http://www.springframework.org/schema/context 
           https://www.springframework.org/schema/context/spring-context.xsd
           http://mybatis.org/schema/mybatis-spring 
           http://mybatis.org/schema/mybatis-spring-1.2.xsd">

    <!-- 서비스/DAO 패키지 스캔 -->
    <context:component-scan base-package="com.baseball.game.service, com.baseball.board.service, com.baseball.ranking.service" />

    <!-- MyBatis Mapper 스캔 -->
    <mybatis-spring:scan base-package="com.baseball.game.mapper, com.baseball.board.mapper, com.baseball.ranking.mapper" />

    <!-- DataSource -->
    <bean id="dataSource" class="org.apache.commons.dbcp2.BasicDataSource" destroy-method="close">
        <property name="driverClassName" value="com.mysql.cj.jdbc.Driver"/>
        <property name="url" value="jdbc:mysql://localhost:3306/my_cat?serverTimezone=UTC"/>
        <property name="username" value="root"/>
        <property name="password" value="root"/>
    </bean>

    <!-- JdbcTemplate -->
    <bean id="jdbcTemplate" class="org.springframework.jdbc.core.JdbcTemplate">
        <property name="dataSource" ref="dataSource"/>
    </bean>

    <!-- MyBatis SqlSessionFactory -->
    <bean id="sqlSessionFactory" class="org.mybatis.spring.SqlSessionFactoryBean">
        <property name="dataSource" ref="dataSource"/>
    </bean>

</beans>
